Div,Date,Time,HomeTeam,AwayTeam,Referee,B365H,B365D,B365A,BFDH,BFDD,BFDA,BMGMH,BMGMD,BMGMA,BVH,BVD,BVA,BWH,BWD,BWA,CLH,CLD,CLA,LBH,LBD,LBA,PSH,PSD,PSA,MaxH,MaxD,MaxA,AvgH,AvgD,AvgA,BFEH,BFED,BFEA,B365>2.5,B365<2.5,P>2.5,P<2.5,Max>2.5,Max<2.5,Avg>2.5,Avg<2.5,BFE>2.5,BFE<2.5,AHh,B365AHH,B365AHA,PAHH,PAHA,MaxAHH,MaxAHA,AvgAHH,AvgAHA,BFEAHH,BFEAHA,B365CH,B365CD,B365CA,BFDCH,BFDCD,BFDCA,BMGMCH,BMGMCD,BMGMCA,BVCH,BVCD,BVCA,BWCH,BWCD,BWCA,CLCH,CLCD,CLCA,LBCH,LBCD,LBCA,PSCH,PSCD,PSCA,MaxCH,MaxCD,MaxCA,AvgCH,AvgCD,AvgCA,BFECH,BFECD,BFECA,B365C>2.5,B365C<2.5,PC>2.5,PC<2.5,MaxC>2.5,MaxC<2.5,AvgC>2.5,AvgC<2.5,BFEC>2.5,BFEC<2.5,AHCh,B365CAHH,B365CAHA,PCAHH,PCAHA,MaxCAHH,MaxCAHA,AvgCAHH,AvgCAHA,BFECAHH,BFECAHA
E2,15/11/2025,15:00,Burton,Blackpool,L Swabey,2.15,3.5,2.95,2.3,3.4,3.1,2.4,3.4,2.8,2.25,3.5,3.0,2.25,3.4,2.95,2.3,3.5,3.0,2.3,3.5,3.0,,,,2.4,3.5,3.1,2.29,3.42,2.96,2.4,3.6,3.1,1.85,2.0,,,1.96,2.0,1.86,1.88,1.83,2.02,-0.25,1.98,1.88,,,2.02,1.88,1.96,1.76,2.08,1.86,,,,,,,,,,,,,,,,,,,,,,,,,,,,,,,,,,,,,,,,,,,,,,,,,,,,,,
E2,15/11/2025,15:00,Leyton Orient,Exeter,R Ricardo,1.76,3.75,4.0,1.83,3.75,4.2,1.82,3.7,4.0,1.8,3.7,4.2,1.8,3.7,4.1,1.83,3.75,4.2,1.8,3.7,4.2,,,,1.83,3.8,4.25,1.8,3.7,4.12,1.84,4.1,4.4,1.88,1.98,,,1.88,2.0,1.82,1.92,1.87,1.94,-0.5,1.83,2.03,,,1.83,2.03,1.77,1.97,1.84,2.14,,,,,,,,,,,,,,,,,,,,,,,,,,,,,,,,,,,,,,,,,,,,,,,,,,,,,,
E2,15/11/2025,15:00,Lincoln,Doncaster,D Rock,2.01,3.25,3.6,2.1,3.3,3.6,2.04,3.4,3.6,2.05,3.3,3.6,2.05,3.4,3.4,2.05,3.5,3.5,2.05,3.5,3.5,,,,2.1,3.5,3.7,2.05,3.33,3.56,2.14,3.55,3.8,2.08,1.73,,,2.1,1.75,2.05,1.72,2.14,1.79,-0.5,2.05,1.8,,,2.05,1.8,1.99,1.75,2.14,1.84,,,,,,,,,,,,,,,,,,,,,,,,,,,,,,,,,,,,,,,,,,,,,,,,,,,,,,
E2,15/11/2025,15:00,Luton,Rotherham,C Hicks,1.49,3.9,6.0,1.57,4.0,6.0,1.49,4.3,6.4,1.53,4.1,6.0,1.52,4.2,5.75,1.53,4.33,5.75,1.53,4.2,5.75,,,,1.57,4.33,6.4,1.53,4.08,5.9,1.58,4.3,6.8,1.93,1.93,,,1.93,1.93,1.86,1.88,1.87,1.94,-1.0,1.95,1.9,,,1.95,1.98,1.85,1.89,1.96,1.9,,,,,,,,,,,,,,,,,,,,,,,,,,,,,,,,,,,,,,,,,,,,,,,,,,,,,,
E2,15/11/2025,15:00,Port Vale,Wycombe,J Miles,2.57,3.3,2.5,2.8,3.2,2.6,2.75,3.25,2.55,2.7,3.2,2.6,2.75,3.3,2.45,2.8,3.3,2.5,2.75,3.3,2.5,,,,2.8,3.3,2.66,2.71,3.23,2.56,2.84,3.4,2.74,2.15,1.67,,,2.2,1.67,2.14,1.65,2.2,1.73,0.0,1.98,1.88,,,1.98,1.9,1.9,1.84,2.02,1.95,,,,,,,,,,,,,,,,,,,,,,,,,,,,,,,,,,,,,,,,,,,,,,,,,,,,,,
E3,15/11/2025,15:00,Accrington,Bristol Rvs,S Stockbridge,2.32,3.3,2.82,2.38,3.3,3.0,2.35,3.3,2.8,2.38,3.4,2.88,2.37,3.4,2.8,2.4,3.4,2.87,2.4,3.4,2.8,,,,2.42,3.5,3.0,2.37,3.36,2.83,2.5,3.45,2.92,1.95,1.9,,,1.95,1.91,1.9,1.83,1.92,1.96,-0.25,2.1,1.78,,,2.1,1.78,2.02,1.72,2.14,1.8,,,,,,,,,,,,,,,,,,,,,,,,,,,,,,,,,,,,,,,,,,,,,,,,,,,,,,
E3,15/11/2025,15:00,Bromley,Barrow,S Parkinson,1.66,3.6,4.75,1.73,3.75,4.6,1.68,3.7,4.4,1.73,3.7,4.6,1.71,3.75,4.5,1.73,3.8,4.6,1.73,3.8,4.6,,,,1.77,3.8,4.75,1.72,3.68,4.52,1.78,3.6,5.0,1.93,1.93,,,1.93,1.93,1.88,1.85,1.94,1.89,-0.75,1.98,1.88,,,1.98,1.88,1.89,1.83,2.02,1.83,,,,,,,,,,,,,,,,,,,,,,,,,,,,,,,,,,,,,,,,,,,,,,,,,,,,,,
E3,15/11/2025,15:00,Cambridge,Barnet,S Mather,2.57,3.2,2.57,2.63,3.2,2.75,2.55,3.05,2.7,2.63,3.2,2.7,2.6,3.25,2.6,2.62,3.3,2.62,2.62,3.3,2.6,,,,2.66,3.3,2.75,2.61,3.15,2.67,2.76,3.2,2.68,2.1,1.7,,,2.23,1.73,2.12,1.66,1.98,1.73,0.0,1.9,1.95,,,1.9,1.95,1.85,1.88,1.97,1.9,,,,,,,,,,,,,,,,,,,,,,,,,,,,,,,,,,,,,,,,,,,,,,,,,,,,,,
E3,15/11/2025,15:00,Fleetwood Town,Swindon,R Eley,2.35,3.4,2.7,2.5,3.4,2.8,2.38,3.4,2.7,2.4,3.5,2.75,2.37,3.4,2.75,2.4,3.5,2.8,2.37,3.5,2.8,,,,2.5,3.5,2.8,2.41,3.4,2.74,2.54,3.5,2.88,1.83,2.03,,,1.83,2.03,1.77,1.97,1.81,2.08,0.0,1.8,2.05,,,1.83,2.05,1.76,1.99,1.84,2.12,,,,,,,,,,,,,,,,,,,,,,,,,,,,,,,,,,,,,,,,,,,,,,,,,,,,,,
E3,15/11/2025,15:00,Grimsby,Chesterfield,M Woods,2.05,3.5,3.2,2.1,3.5,3.4,1.95,3.65,3.35,2.1,3.6,3.25,2.05,3.5,3.2,2.1,3.6,3.25,2.1,3.6,3.25,,,,2.14,3.65,3.4,2.07,3.53,3.27,2.16,3.55,3.45,1.75,2.05,,,1.8,2.06,1.74,2.0,1.83,2.14,-0.25,1.83,2.03,,,1.83,2.06,1.75,1.99,1.87,2.07,,,,,,,,,,,,,,,,,,,,,,,,,,,,,,,,,,,,,,,,,,,,,,,,,,,,,,
E3,15/11/2025,15:00,Milton Keynes Dons,Salford,R Joyce,2.1,3.6,2.95,2.25,3.5,3.1,2.12,3.45,3.1,2.2,3.5,3.1,2.25,3.4,2.9,2.3,3.5,3.0,2.3,3.5,2.9,,,,2.3,3.75,3.1,2.18,3.52,3.02,2.28,3.7,3.15,1.83,2.03,,,1.83,2.03,1.78,1.96,1.78,2.06,-0.25,1.93,1.93,,,1.93,1.93,1.85,1.87,1.97,1.92,,,,,,,,,,,,,,,,,,,,,,,,,,,,,,,,,,,,,,,,,,,,,,,,,,,,,,
E3,15/11/2025,15:00,Notts County,Harrogate,S Oldham,1.42,4.1,7.0,1.44,4.33,7.0,1.5,4.3,5.4,1.45,4.4,7.0,1.49,4.4,6.0,1.5,4.5,6.0,1.5,4.5,6.0,,,,1.5,4.5,7.0,1.46,4.35,6.35,1.5,4.5,7.6,1.73,2.08,,,1.73,2.14,1.7,2.06,1.73,2.14,-1.25,2.05,1.8,,,2.05,1.8,1.98,1.74,2.06,1.89,,,,,,,,,,,,,,,,,,,,,,,,,,,,,,,,,,,,,,,,,,,,,,,,,,,,,,
E3,15/11/2025,15:00,Oldham,Crewe,A Farmer,2.2,3.25,3.05,2.3,3.25,3.2,2.3,3.3,2.85,2.25,3.3,3.13,2.25,3.3,3.1,2.3,3.4,3.1,2.25,3.3,3.1,,,,2.3,3.4,3.2,2.27,3.29,3.03,2.32,3.35,3.15,2.05,1.75,,,2.1,1.79,1.99,1.74,2.04,1.79,-0.25,1.98,1.88,,,1.98,1.88,1.94,1.79,2.01,1.85,,,,,,,,,,,,,,,,,,,,,,,,,,,,,,,,,,,,,,,,,,,,,,,,,,,,,,
E3,15/11/2025,15:00,Shrewsbury,Newport County,E Swallow,1.86,3.25,4.33,1.9,3.4,4.2,1.85,3.45,3.9,1.87,3.5,4.1,1.88,3.4,4.1,1.91,3.4,4.2,1.91,3.4,4.2,,,,1.91,3.5,4.33,1.88,3.39,4.1,2.04,3.45,4.2,2.05,1.75,,,2.1,1.79,2.0,1.74,2.04,1.78,-0.5,1.9,1.95,,,1.9,1.95,1.84,1.88,2.04,1.89,,,,,,,,,,,,,,,,,,,,,,,,,,,,,,,,,,,,,,,,,,,,,,,,,,,,,,
E3,15/11/2025,15:00,Tranmere,Cheltenham,O Langford,1.66,3.6,4.75,1.73,3.75,4.6,1.81,3.5,4.0,1.7,3.75,4.8,1.7,3.7,4.6,1.73,3.8,4.8,1.7,3.75,4.8,,,,1.81,3.8,4.8,1.73,3.65,4.56,1.82,3.75,5.0,1.93,1.93,,,1.98,1.93,1.91,1.82,1.92,1.98,-0.75,1.93,1.93,,,2.02,1.93,1.94,1.79,2.05,1.9,,,,,,,,,,,,,,,,,,,,,,,,,,,,,,,,,,,,,,,,,,,,,,,,,,,,,,
E3,15/11/2025,15:00,Walsall,Colchester,J Durkin,2.15,3.4,3.05,2.25,3.25,3.3,2.16,3.25,3.15,2.2,3.25,3.25,2.15,3.4,3.2,2.2,3.4,3.2,2.2,3.4,3.2,,,,2.3,3.4,3.3,2.2,3.27,3.18,2.32,3.4,3.35,2.15,1.67,,,2.2,1.73,2.11,1.66,2.3,1.7,-0.25,1.93,1.93,,,1.93,1.93,1.86,1.85,1.99,1.94,,,,,,,,,,,,,,,,,,,,,,,,,,,,,,,,,,,,,,,,,,,,,,,,,,,,,,
E3,15/11/2025,17:30,Gillingham,Crawley Town,P Howard,1.81,3.7,3.8,1.9,3.6,4.0,1.77,3.6,4.1,1.85,3.6,4.1,1.93,3.5,3.75,1.95,3.5,3.8,1.95,3.5,3.8,,,,1.95,3.8,4.2,1.84,3.61,3.98,1.85,3.7,4.1,1.85,2.0,,,1.91,2.0,1.81,1.92,1.82,2.04,-0.5,1.88,1.98,,,1.88,1.98,1.79,1.93,1.85,2.0,,,,,,,,,,,,,,,,,,,,,,,,,,,,,,,,,,,,,,,,,,,,,,,,,,,,,,
EC,15/11/2025,15:03,Altrincham,Brackley Town,G Rollason,2.35,3.25,2.8,2.3,3.2,2.8,2.23,3.35,3.0,2.3,3.3,2.8,2.2,3.25,2.75,2.25,3.25,2.75,2.25,3.25,2.75,,,,2.35,3.35,3.0,2.27,3.28,2.86,2.38,3.3,2.9,1.88,1.93,,,1.88,1.93,1.83,1.86,1.76,1.92,-0.25,2.03,1.78,,,2.03,1.78,1.96,1.75,2.05,1.77,,,,,,,,,,,,,,,,,,,,,,,,,,,,,,,,,,,,,,,,,,,,,,,,,,,,,,
EC,15/11/2025,15:03,Boreham Wood,Tamworth,W Finnie,1.5,4.1,5.75,1.44,4.0,6.0,1.46,4.4,5.75,1.45,4.1,6.0,1.47,4.1,5.25,1.48,4.0,5.25,1.48,4.0,5.25,,,,1.5,4.4,6.0,1.47,4.15,5.71,1.5,4.3,6.4,1.7,2.1,,,1.73,2.1,1.67,2.07,1.73,2.12,-1.0,1.8,2.0,,,1.83,2.0,1.79,1.92,,,,,,,,,,,,,,,,,,,,,,,,,,,,,,,,,,,,,,,,,,,,,,,,,,,,,,,,
EC,15/11/2025,15:03,Braintree Town,Truro,R Massey-Ellis,2.25,3.4,2.8,2.25,3.3,2.8,2.23,3.45,2.8,2.25,3.3,2.88,2.15,3.4,2.7,2.2,3.4,2.7,2.2,3.4,2.7,,,,2.3,3.5,2.88,2.24,3.38,2.79,2.16,3.2,2.6,1.85,1.95,,,1.85,1.95,1.8,1.9,1.77,1.84,-0.25,2.0,1.8,,,2.0,1.8,1.95,1.75,1.88,1.69,,,,,,,,,,,,,,,,,,,,,,,,,,,,,,,,,,,,,,,,,,,,,,,,,,,,,,
EC,15/11/2025,15:03,Carlisle,Eastleigh,M Coy,1.48,3.9,6.0,1.44,4.0,6.5,1.47,4.4,5.6,1.45,4.2,6.0,1.44,4.2,5.5,1.44,4.2,5.25,1.44,4.2,5.25,,,,1.48,4.5,6.5,1.46,4.23,5.82,1.47,4.4,6.8,1.7,2.1,,,1.7,2.1,1.67,2.06,1.61,2.14,-1.0,1.78,2.03,,,1.8,2.03,1.75,1.96,,,,,,,,,,,,,,,,,,,,,,,,,,,,,,,,,,,,,,,,,,,,,,,,,,,,,,,,
EC,15/11/2025,15:03,Forest Green,Gateshead,H Blair,1.33,4.75,7.5,1.3,5.0,7.0,1.35,5.0,6.75,1.33,5.0,7.0,1.32,4.8,6.75,1.33,4.8,6.5,1.33,4.8,6.5,,,,1.37,5.33,7.5,1.34,4.95,6.81,1.38,5.0,6.6,1.44,2.7,,,1.44,2.75,1.42,2.64,1.45,2.8,-1.5,1.95,1.85,,,1.95,1.85,1.9,1.77,1.82,1.86,,,,,,,,,,,,,,,,,,,,,,,,,,,,,,,,,,,,,,,,,,,,,,,,,,,,,,
EC,15/11/2025,15:03,Hartlepool,Wealdstone,B Speedie,1.95,3.6,3.25,1.95,3.5,3.3,,,,1.95,3.6,3.25,1.9,3.7,3.1,1.91,3.7,3.1,1.91,3.7,3.1,,,,2.05,3.8,3.3,1.97,3.65,3.18,2.22,3.85,3.2,1.57,2.35,,,1.6,2.38,1.56,2.29,1.63,2.3,-0.5,2.0,1.8,,,2.0,1.8,1.96,1.73,2.22,1.75,,,,,,,,,,,,,,,,,,,,,,,,,,,,,,,,,,,,,,,,,,,,,,,,,,,,,,
EC,15/11/2025,15:03,Rochdale,Aldershot,Z Kennard-Kettle,1.33,4.75,8.0,1.3,5.0,7.5,1.32,5.3,7.0,1.3,5.0,8.0,1.3,5.0,7.25,1.3,5.0,7.0,1.3,5.0,7.0,,,,1.33,5.5,8.6,1.31,5.09,7.54,1.33,6.4,9.2,1.44,2.7,,,1.44,2.75,1.41,2.69,1.46,2.78,-1.5,1.93,1.88,,,1.93,1.9,1.84,1.85,1.92,1.9,,,,,,,,,,,,,,,,,,,,,,,,,,,,,,,,,,,,,,,,,,,,,,,,,,,,,,
EC,15/11/2025,15:03,Solihull,Scunthorpe,W Davis,3.1,3.3,2.15,3.0,3.3,2.15,2.8,3.4,2.28,3.0,3.4,2.15,2.85,3.5,2.05,2.87,3.5,2.1,2.87,3.5,2.1,,,,3.1,3.8,2.28,2.91,3.45,2.16,2.96,3.75,2.32,1.7,2.1,,,1.84,2.12,1.72,2.01,1.72,2.14,0.25,1.9,1.9,,,1.9,1.9,1.84,1.86,1.85,2.05,,,,,,,,,,,,,,,,,,,,,,,,,,,,,,,,,,,,,,,,,,,,,,,,,,,,,,
EC,15/11/2025,15:03,Sutton,Halifax,C Brook,2.5,3.4,2.45,2.5,3.2,2.5,2.7,3.3,2.43,2.55,3.3,2.5,2.37,3.3,2.5,2.4,3.3,2.5,2.4,3.3,2.5,,,,2.7,3.4,2.6,2.55,3.32,2.48,2.78,3.4,2.52,1.83,1.98,,,1.86,1.98,1.81,1.9,1.82,1.98,0.0,1.9,1.9,,,1.91,1.9,1.88,1.83,2.01,1.85,,,,,,,,,,,,,,,,,,,,,,,,,,,,,,,,,,,,,,,,,,,,,,,,,,,,,,
EC,15/11/2025,15:03,Woking,Boston Utd,G Laflin,2.0,3.25,3.6,2.05,3.1,3.4,2.0,3.35,3.4,1.95,3.3,3.5,1.95,3.2,3.3,1.95,3.2,3.3,1.95,3.2,3.3,,,,2.05,3.4,3.75,1.99,3.26,3.45,2.02,3.25,3.75,2.03,1.78,,,2.03,1.79,1.97,1.75,1.9,1.77,-0.5,2.03,1.78,,,2.03,1.78,1.96,1.73,2.02,1.83,,,,,,,,,,,,,,,,,,,,,,,,,,,,,,,,,,,,,,,,,,,,,,,,,,,,,,
EC,15/11/2025,15:03,Yeovil,Southend,S Jackson,5.0,3.5,1.62,4.6,3.6,1.62,5.0,3.5,1.66,4.8,3.75,1.62,4.33,3.7,1.62,4.33,3.7,1.61,4.33,3.7,1.61,,,,5.33,3.8,1.67,4.82,3.62,1.63,5.3,3.8,1.64,1.83,1.98,,,1.91,1.98,1.82,1.87,1.83,1.98,0.75,1.98,1.83,,,1.98,1.83,1.92,1.78,1.99,1.82,,,,,,,,,,,,,,,,,,,,,,,,,,,,,,,,,,,,,,,,,,,,,,,,,,,,,,
EC,15/11/2025,15:03,York,Morecambe,S Copeland,1.18,6.5,11.0,1.17,6.5,11.0,1.19,6.75,10.5,1.17,7.0,11.0,1.19,6.75,9.0,1.18,6.5,8.5,1.18,6.5,8.5,,,,1.19,7.5,11.0,1.18,6.81,10.29,1.22,7.0,9.6,1.22,4.2,,,1.25,4.2,1.23,3.75,1.23,4.2,-2.25,2.0,1.8,,,2.02,1.8,1.98,1.73,2.0,1.81,,,,,,,,,,,,,,,,,,,,,,,,,,,,,,,,,,,,,,,,,,,,,,,,,,,,,,
SC1,15/11/2025,15:00,Ayr,Arbroath,C Steven,1.65,3.5,4.5,1.67,3.5,4.6,1.68,3.6,4.6,1.67,3.6,4.6,1.66,3.5,4.33,1.67,3.5,4.33,1.67,3.5,4.33,,,,1.73,3.6,5.0,1.68,3.54,4.58,1.77,3.5,4.8,1.95,1.85,,,1.95,1.85,1.91,1.79,1.87,1.81,-0.75,1.9,1.9,,,1.9,1.9,1.87,1.85,2.01,1.82,,,,,,,,,,,,,,,,,,,,,,,,,,,,,,,,,,,,,,,,,,,,,,,,,,,,,,
SC1,15/11/2025,15:00,Raith Rvs,Airdrie Utd,L Wilson,1.5,3.7,5.75,1.44,3.75,6.5,1.47,4.0,6.5,1.5,3.8,6.0,1.47,3.9,5.5,1.48,3.9,5.5,1.48,3.9,5.5,,,,1.52,4.0,7.0,1.48,3.85,6.11,1.57,3.95,7.2,1.98,1.83,,,2.05,1.83,1.94,1.77,2.06,1.78,-1.0,1.88,1.93,,,1.88,1.97,1.81,1.92,1.97,1.86,,,,,,,,,,,,,,,,,,,,,,,,,,,,,,,,,,,,,,,,,,,,,,,,,,,,,,
SC1,15/11/2025,15:00,Ross County,Morton,E Anderson,1.8,3.4,3.8,1.83,3.3,4.0,1.83,3.5,3.9,1.8,3.5,4.0,1.82,3.3,3.7,1.83,3.3,3.7,1.83,3.3,3.7,,,,1.84,3.66,4.0,1.82,3.44,3.89,1.85,3.55,4.2,1.95,1.85,,,2.0,1.85,1.92,1.79,1.83,1.85,-0.5,1.85,1.95,,,1.85,1.95,1.8,1.91,1.85,1.97,,,,,,,,,,,,,,,,,,,,,,,,,,,,,,,,,,,,,,,,,,,,,,,,,,,,,,
SC1,15/11/2025,15:00,St Johnstone,Queens Park,A Grieve,1.22,5.25,11.0,1.2,5.5,11.0,1.24,5.6,10.0,1.2,5.75,11.5,1.23,5.25,10.0,1.22,5.25,10.0,1.22,5.25,10.0,,,,1.24,6.0,13.0,1.22,5.51,10.69,1.26,5.8,14.0,1.57,2.35,,,1.62,2.35,1.57,2.26,1.52,2.36,-1.75,1.88,1.93,,,1.88,1.93,1.85,1.86,1.87,1.91,,,,,,,,,,,,,,,,,,,,,,,,,,,,,,,,,,,,,,,,,,,,,,,,,,,,,,
SC2,15/11/2025,15:00,Cove Rangers,Hamilton,G Grainger,4.0,3.5,1.73,4.2,3.5,1.73,4.2,3.45,1.71,4.1,3.6,1.75,3.75,3.5,1.75,3.75,3.5,1.75,3.75,3.5,1.75,,,,4.25,3.75,1.77,4.03,3.53,1.72,4.4,3.75,1.8,1.75,2.05,,,1.88,2.05,1.75,1.95,1.78,2.04,0.75,1.8,2.0,,,1.8,2.0,1.74,1.9,1.83,2.01,,,,,,,,,,,,,,,,,,,,,,,,,,,,,,,,,,,,,,,,,,,,,,,,,,,,,,
SC2,15/11/2025,15:00,Kelty Hearts,Queen of Sth,C Stirling,4.0,3.5,1.73,4.2,3.5,1.73,3.5,3.35,1.88,4.2,3.5,1.75,3.9,3.5,1.72,3.9,3.5,1.73,3.9,3.5,1.73,,,,4.4,3.6,1.88,3.96,3.46,1.76,4.5,3.55,1.78,1.85,1.95,,,1.85,1.95,1.79,1.89,1.89,1.91,0.75,1.8,2.0,,,1.8,2.0,1.72,1.92,1.8,2.01,,,,,,,,,,,,,,,,,,,,,,,,,,,,,,,,,,,,,,,,,,,,,,,,,,,,,,
SC2,15/11/2025,15:00,Peterhead,Montrose,D McFarlane,1.7,3.6,4.1,1.73,3.6,4.2,1.65,3.65,4.3,1.7,3.6,4.4,1.68,3.6,4.0,1.7,3.6,4.0,1.7,3.6,4.0,,,,1.73,4.0,4.4,1.68,3.63,4.16,1.72,4.0,4.1,1.8,2.0,,,1.8,2.0,1.76,1.93,1.73,2.06,-0.75,1.95,1.85,,,1.95,1.85,1.86,1.77,1.92,1.9,,,,,,,,,,,,,,,,,,,,,,,,,,,,,,,,,,,,,,,,,,,,,,,,,,,,,,
SC2,15/11/2025,17:00,East Fife,Stenhousemuir,S Murdoch,2.1,3.3,3.1,2.1,3.2,3.2,2.17,3.2,2.95,2.15,3.25,3.13,2.1,3.2,2.95,2.1,3.25,2.9,2.1,3.25,2.9,,,,2.17,3.3,3.3,2.12,3.21,3.05,2.04,3.1,3.4,1.95,1.85,,,1.95,1.93,1.85,1.83,1.81,1.89,-0.25,1.85,1.95,,,1.85,1.95,1.8,1.84,1.78,2.04,,,,,,,,,,,,,,,,,,,,,,,,,,,,,,,,,,,,,,,,,,,,,,,,,,,,,,
SC3,15/11/2025,15:00,Annan Athletic,Edinburgh City,J Hay,2.35,3.4,2.55,2.4,3.3,2.6,2.23,3.25,2.75,2.38,3.5,2.55,2.3,3.4,2.5,2.3,3.4,2.5,2.3,3.4,2.5,,,,2.5,3.6,2.75,2.35,3.39,2.55,2.46,3.35,2.5,1.65,2.2,,,1.65,2.2,1.61,2.12,1.63,2.24,0.0,1.83,1.98,,,1.83,1.98,1.77,1.88,1.89,1.89,,,,,,,,,,,,,,,,,,,,,,,,,,,,,,,,,,,,,,,,,,,,,,,,,,,,,,
SC3,15/11/2025,15:00,Elgin,Dumbarton,G Soutar,2.05,3.4,3.0,2.1,3.4,3.0,,,,2.1,3.4,3.0,2.05,3.5,2.9,2.05,3.5,2.9,2.05,3.5,2.9,,,,2.2,3.7,3.1,2.08,3.47,2.92,2.1,3.7,3.0,1.65,2.2,,,1.67,2.2,1.63,2.11,1.67,2.2,-0.25,1.85,1.95,,,1.85,1.95,1.81,1.83,1.85,1.93,,,,,,,,,,,,,,,,,,,,,,,,,,,,,,,,,,,,,,,,,,,,,,,,,,,,,,
SC3,15/11/2025,15:00,Spartans,Clyde,G Calder,1.75,3.5,3.9,1.83,3.5,3.75,,,,1.75,3.6,3.9,1.78,3.5,3.6,1.8,3.5,3.6,1.8,3.5,3.6,,,,1.83,3.6,4.0,1.77,3.52,3.8,1.79,3.65,4.1,1.73,2.08,,,1.73,2.1,1.69,2.02,1.66,2.1,-0.5,1.8,2.0,,,1.8,2.0,1.75,1.91,1.79,2.03,,,,,,,,,,,,,,,,,,,,,,,,,,,,,,,,,,,,,,,,,,,,,,,,,,,,,,
SC3,15/11/2025,15:00,Stirling,Forfar,G Hanvidge,2.6,3.2,2.45,2.63,3.1,2.5,2.48,3.05,2.55,2.6,3.2,2.5,2.5,3.2,2.4,2.5,3.2,2.45,2.5,3.2,2.45,,,,2.8,3.2,2.55,2.59,3.12,2.47,2.72,3.15,2.54,1.98,1.83,,,2.0,1.83,1.89,1.77,1.99,1.8,0.0,1.98,1.83,,,1.98,1.83,1.9,1.76,1.97,1.81,,,,,,,,,,,,,,,,,,,,,,,,,,,,,,,,,,,,,,,,,,,,,,,,,,,,,,
SC3,15/11/2025,15:00,Stranraer,East Kilbride,L Hogarth,3.7,3.5,1.8,3.75,3.6,1.8,,,,3.7,3.6,1.8,3.6,3.6,1.77,3.6,3.6,1.8,3.6,3.6,1.8,,,,3.9,3.8,1.87,3.61,3.62,1.8,3.5,3.45,2.0,1.7,2.1,,,1.7,2.15,1.66,2.07,1.61,2.12,0.5,1.95,1.85,,,2.0,1.9,1.86,1.8,1.85,2.0,,,,,,,,,,,,,,,,,,,,,,,,,,,,,,,,,,,,,,,,,,,,,,,,,,,,,,
SP2,14/11/2025,19:30,Valladolid,Las Palmas,,2.4,2.85,3.2,2.4,2.88,3.1,2.28,3.05,3.2,2.38,2.9,3.0,2.35,2.9,3.0,2.3,2.87,3.0,2.3,2.87,3.0,,,,2.5,3.05,3.2,2.36,2.94,3.09,2.56,3.15,3.35,2.5,1.5,,,2.54,1.53,2.43,1.5,2.66,1.57,-0.25,2.05,1.75,,,2.05,1.82,1.97,1.76,2.15,1.83,,,,,,,,,,,,,,,,,,,,,,,,,,,,,,,,,,,,,,,,,,,,,,,,,,,,,,
SP2,15/11/2025,15:00,Albacete,Andorra,,1.96,3.6,3.5,2.05,3.4,3.4,1.97,3.5,3.4,1.95,3.5,3.3,1.98,3.5,3.25,1.95,3.5,3.2,1.95,3.5,3.2,,,,2.08,3.6,3.6,1.98,3.49,3.36,2.12,3.6,3.55,1.75,2.05,,,1.8,2.05,1.74,1.99,1.82,2.08,-0.5,2.0,1.8,,,2.0,1.83,1.95,1.77,2.12,1.83,,,,,,,,,,,,,,,,,,,,,,,,,,,,,,,,,,,,,,,,,,,,,,,,,,,,,,
SP2,15/11/2025,15:00,Castellon,Sociedad B,,1.41,4.33,7.0,1.4,4.33,7.0,1.38,4.7,6.75,1.4,4.4,6.5,1.43,4.4,6.0,1.4,4.33,5.75,1.4,4.33,5.75,,,,1.45,4.7,7.0,1.4,4.45,6.53,1.48,4.8,7.6,1.67,2.15,,,1.67,2.2,1.64,2.14,1.7,2.3,-1.25,1.98,1.83,,,1.98,1.88,1.88,1.83,2.04,1.88,,,,,,,,,,,,,,,,,,,,,,,,,,,,,,,,,,,,,,,,,,,,,,,,,,,,,,
SP2,15/11/2025,20:00,Santander,Granada,,1.76,3.75,4.0,1.8,3.6,4.0,1.74,3.85,3.95,1.8,3.6,3.8,1.77,3.7,3.8,1.75,3.6,3.7,1.75,3.6,3.7,,,,1.81,3.85,4.2,1.78,3.68,3.91,1.89,3.8,4.2,1.7,2.1,,,1.73,2.14,1.67,2.08,1.73,2.24,-0.5,1.8,2.0,,,1.83,2.0,1.76,1.96,1.89,2.06,,,,,,,,,,,,,,,,,,,,,,,,,,,,,,,,,,,,,,,,,,,,,,,,,,,,,,
SP2,16/11/2025,13:00,Ceuta,Leganes,,2.45,3.05,2.85,2.38,3.0,3.1,2.35,3.0,3.1,2.38,3.0,2.9,2.4,3.0,2.85,2.37,3.0,2.8,2.37,3.0,2.8,,,,2.5,3.05,3.2,2.39,2.99,2.97,2.48,3.05,3.05,2.3,1.6,,,2.48,1.6,2.31,1.55,,,-0.25,2.1,1.7,,,2.1,1.76,2.02,1.72,,,,,,,,,,,,,,,,,,,,,,,,,,,,,,,,,,,,,,,,,,,,,,,,,,,,,,,,
SP2,16/11/2025,15:15,Almeria,Cadiz,,1.57,3.9,5.25,1.62,3.75,5.0,1.63,3.85,4.7,1.6,3.75,5.0,1.62,3.75,4.75,1.6,3.6,4.5,1.6,3.6,4.5,,,,1.63,4.0,5.5,1.6,3.81,4.96,1.64,3.9,5.7,1.83,1.98,,,1.9,1.98,1.81,1.89,1.87,1.99,-0.75,1.78,2.03,,,1.79,2.03,1.76,1.96,,,,,,,,,,,,,,,,,,,,,,,,,,,,,,,,,,,,,,,,,,,,,,,,,,,,,,,,
SP2,16/11/2025,15:15,Sp Gijon,Eibar,,2.15,3.05,3.5,2.25,3.0,3.3,2.07,3.15,3.5,2.15,3.1,3.25,2.2,3.0,3.2,2.15,2.9,3.1,2.15,2.9,3.1,,,,2.25,3.15,3.5,2.17,3.03,3.34,2.28,3.1,3.55,2.3,1.6,,,2.38,1.6,2.31,1.55,2.36,1.7,-0.25,1.9,1.9,,,1.9,1.96,1.82,1.9,,,,,,,,,,,,,,,,,,,,,,,,,,,,,,,,,,,,,,,,,,,,,,,,,,,,,,,,
SP2,16/11/2025,17:30,Cordoba,La Coruna,,2.35,3.4,2.82,2.38,3.25,2.88,2.33,3.35,2.75,2.3,3.3,2.8,2.3,3.25,2.75,2.3,3.2,2.7,2.3,3.2,2.7,,,,2.42,3.4,3.0,2.34,3.25,2.82,2.36,3.35,3.1,1.85,1.95,,,1.9,1.95,1.84,1.86,1.74,1.97,-0.25,2.03,1.78,,,2.03,1.78,2.0,1.73,,,,,,,,,,,,,,,,,,,,,,,,,,,,,,,,,,,,,,,,,,,,,,,,,,,,,,,,
SP2,16/11/2025,17:30,Mirandes,Burgos,,3.3,2.85,2.35,3.2,2.8,2.4,2.95,3.05,2.35,3.13,2.8,2.38,3.1,2.87,2.3,3.0,2.8,2.3,3.0,2.8,2.3,,,,3.35,3.05,2.45,3.13,2.86,2.37,3.35,2.94,2.58,2.88,1.4,,,2.88,1.47,2.7,1.41,2.9,1.45,0.25,1.78,2.03,,,1.78,2.03,1.74,2.0,,,,,,,,,,,,,,,,,,,,,,,,,,,,,,,,,,,,,,,,,,,,,,,,,,,,,,,,
SP2,16/11/2025,20:00,Zaragoza,Huesca,,2.25,2.95,3.4,2.3,2.88,3.3,2.23,3.1,3.15,2.25,2.9,3.25,2.3,3.0,3.0,2.25,2.9,3.0,2.25,2.9,3.0,,,,2.32,3.1,3.5,2.26,2.96,3.23,2.32,3.1,3.5,2.6,1.48,,,2.6,1.5,2.51,1.48,2.68,1.51,-0.25,1.95,1.85,,,1.95,1.85,1.89,1.81,,,,,,,,,,,,,,,,,,,,,,,,,,,,,,,,,,,,,,,,,,,,,,,,,,,,,,,,
SP2,17/11/2025,19:30,Cultural Leonesa,Malaga,,2.25,3.3,3.05,2.3,3.1,3.1,2.2,3.2,3.1,2.25,3.13,3.0,2.3,3.2,2.85,2.25,3.2,2.8,2.25,3.2,2.8,,,,2.34,3.3,3.14,2.25,3.18,3.02,,,,2.1,1.7,,,2.12,1.7,2.09,1.66,,,-0.25,1.98,1.83,,,1.98,1.83,1.9,1.79,,,,,,,,,,,,,,,,,,,,,,,,,,,,,,,,,,,,,,,,,,,,,,,,,,,,,,,,
